field,translate_id_metadata,lang,browse_link,external_link
#NAME?,metadata-title,#NAME?
title-es,metadata-title,es
creator,metadata-creator,#NAME?,true
language,metadata-language,#NAME?,true
date,metadata-date,#NAME?
#NAME?,metadata-description,#NAME?
description-es,metadata-description,es
#NAME?,metadata-subject,#NAME?,true
subject-es,metadata-subject,es,true
#NAME?,metadata-location,#NAME?,true
locations_es,metadata-location,es,true
source,metadata-source,#NAME?
format,metadata-format,#NAME?
rights,metadata-rights,#NAME?
rightsstatement,metadata-rightsstatement,#NAME?,,true
gender-strategy,metadata-gender-strategy,en;es,true
